Ride,Fare,Trip Duration,Rating,Fare Score,Time Score,Rating Score,Ride Score
Uber,250,30,4.5,27.77777777777778,25.0,90.0,36.611111111111114
Ola,180,25,4.2,66.66666666666666,50.0,84.00000000000001,58.46666666666667
Rapido,150,20,4.7,83.33333333333334,75.0,94.0,74.63333333333334
Uber,300,35,4.1,0.0,0.0,82.0,16.400000000000002
Ola,220,28,4.6,44.44444444444444,35.0,92.0,46.67777777777778
Rapido,120,15,4.8,100.0,100.0,96.0,89.2
Uber,200,32,4.3,55.55555555555556,15.0,86.0,43.922222222222224
Ola,160,22,4.4,77.77777777777779,65.0,88.00000000000001,68.21111111111112
Rapido,140,18,4.9,88.88888888888889,85.0,98.00000000000001,80.65555555555557
